<?xml version="1.0" encoding="UTF-8"?>
<beans xmlns="http://www.springframework.org/schema/beans" xmlns:mvc="http://www.springframework.org/schema/mvc" xmlns:xsi="http://www.w3.org/2001/XMLSchema-instance" xmlns:p="http://www.springframework.org/schema/p" xmlns:context="http://www.springframework.org/schema/context" xsi:schemaLocation="http://www.springframework.org/schema/beans 
http://www.springframework.org/schema/beans/spring-beans-3.1.xsd 
http://www.springframework.org/schema/context 
http://www.springframework.org/schema/context/spring-context-3.1.xsd 
http://www.springframework.org/schema/mvc 
http://www.springframework.org/schema/mvc/spring-mvc-3.1.xsd">

	<!-- 配置1： 自动扫描controller包下的所有类，使其认为spring mvc的控制器 
	<context:component-scan base-package="com.surpass" resource-pattern="com.surpass..controller.*Controller" />
	-->
	<context:component-scan base-package="com.bdxc.bizz.controller" >
	    <context:include-filter type="annotation" expression="org.springframework.stereotype.Controller" /> 
	  	<context:exclude-filter type="annotation" expression="org.springframework.stereotype.Service" />
	  	<context:exclude-filter type="annotation" expression="org.springframework.stereotype.Repository" />
  	</context:component-scan> 
	<!-- 配置静态资源，直接映射到对应的文件夹，不被DispatcherServlet处理，3.04新增功能，需要重新设置spring-mvc-3.0.xsd -->
	<mvc:resources mapping="/images/**" location="/images/"/>
	<mvc:resources mapping="/js/**" location="/js/"/>
	<mvc:resources mapping="/css/**" location="/css/"/>
	<mvc:resources mapping="/swf/**" location="/swf/"/>
	<mvc:resources mapping="/file/**" location="/file/"/>
	<mvc:resources mapping="/uploads/**" location="/uploads/"/>
	<mvc:resources mapping="/signs/**" location="/signs/"/>
	<mvc:resources mapping="/FusionCharts/**" location="/FusionCharts/"/>
	<!-- 配置2： 避免IE执行AJAX时,返回JSON出现下载文件 -->
	<bean id="mappingJacksonHttpMessageConverter" class="org.springframework.http.converter.json.MappingJackson2HttpMessageConverter">
		<property name="supportedMediaTypes">
			<list>
				<value>text/html;charset=UTF-8</value>
			</list>
		</property>
	</bean>
	<!-- 配置2： 避免IE执行AJAX时,返回JSON出现下载文件 
	<bean id="jsonlibHttpMessageConverter" class="org.springframework.http.converter.json.MappingJacksonHttpMessageConverter">
		<property name="supportedMediaTypes">
			<list>
				<value>text/html;charset=UTF-8</value>
			</list>
		</property>
	</bean> -->
 	
	 <!-- 配置3： 保证interceptor中通过handler获得请求的method对象  -->
	<bean class="org.springframework.web.servlet.mvc.method.annotation.RequestMappingHandlerMapping" />
	<bean class="org.springframework.web.servlet.mvc.method.annotation.RequestMappingHandlerAdapter" p:ignoreDefaultModelOnRedirect="true">
		<property name="messageConverters">
			<list>
				<ref bean="mappingJacksonHttpMessageConverter" />
			</list>
		</property>
	</bean>  
	

	<!-- 配:5：对模型视图名称的解析，即在模型视图名称添加前后缀 -->
			<!-- viewResolver 视图解析器,将视图名(ModelAndView中的view)解析成URL-->
	<bean id="viewResolver"
		class="org.springframework.web.servlet.view.InternalResourceViewResolver">
		<property name="suffix" value=".jsp" />
		<property name="prefix" value="/WEB-INF/"/>
		<property name="order" value="20"></property>
		<property name="viewClass"
			value="org.springframework.web.servlet.view.InternalResourceView" />
	</bean>

	<!-- 配置6： 配置Spring自带文件上传操作类 -->
	<bean id="multipartResolver" class="org.springframework.web.multipart.commons.CommonsMultipartResolver">
		<property name="defaultEncoding">
			<value>UTF-8</value>
		</property>
		<property name="maxUploadSize">
			<value>2147483648</value><!-- 上传文件大小限制为31M，31*1024*1024 -->
		</property>
		<property name="maxInMemorySize">
			<value>4096</value>
		</property>
	</bean>
	
	<!-- 配置7：拦截器 
	<mvc:interceptors>
		<mvc:interceptor>
			<mvc:mapping path="/**" />
			<bean class="com.surpass.system.interceptors.EncodingInterceptor" />
		</mvc:interceptor>
	</mvc:interceptors>
	-->
	
	<mvc:interceptors>
		<mvc:interceptor>
			<mvc:mapping path="/**" />
			<bean class="com.bdxc.system.interceptors.EncodingInterceptor" />
		</mvc:interceptor>
		<mvc:interceptor>
			<mvc:mapping path="/" />
			<bean class="com.bdxc.system.interceptors.AuthInterceptor" />
		</mvc:interceptor>
	</mvc:interceptors>
		<!-- 国际化配置 -->  
	<bean id="localeResolver" class="org.springframework.web.servlet.i18n.CookieLocaleResolver" >
		<property name="cookieName" value="clientlanguage"/>
		<property name="cookieMaxAge" value="94608000"/>
	</bean>  
</beans>

<!-- 未使用的配置信息

 配置3 启动Spring MVC的注解功能，完成请求和注解POJO的映射 3.0之前默认的适配器 如果不适用 <mvc:annotation-driven />，那么需要手动配置如下配置
	<bean class="org.springframework.web.servlet.mvc.annotation.AnnotationMethodHandlerAdapter">
		<property name="messageConverters">
			<list>
				<ref bean="mappingJacksonHttpMessageConverter" />
			</list>
		</property>
	</bean>
	 
	 配置4：当响应的数据转为json对象出现异常时，将由配置进行捕获  
	<bean id="exceptionMessageAdapter" class="org.springframework.web.servlet.mvc.annotation.AnnotationMethodHandlerExceptionResolver">
        <property name="messageConverters">
			<list>
				<ref bean="mappingJacksonHttpMessageConverter" />
			</list>
		</property>
    </bean>
    
	

	 配置5 保存interceptor中通过handler获得请求的method对象 
	<mvc:annotation-driven />

 -->