<?xml version="1.0" encoding="UTF-8"?>
<beans xmlns="http://www.springframework.org/schema/beans" xmlns:xsi="http://www.w3.org/2001/XMLSchema-instance" xmlns:aop="http://www.springframework.org/schema/aop" xmlns:c="http://www.springframework.org/schema/c" xmlns:cache="http://www.springframework.org/schema/cache" xmlns:context="http://www.springframework.org/schema/context" xmlns:jdbc="http://www.springframework.org/schema/jdbc" xmlns:jee="http://www.springframework.org/schema/jee" xmlns:lang="http://www.springframework.org/schema/lang" xmlns:mvc="http://www.springframework.org/schema/mvc" xmlns:p="http://www.springframework.org/schema/p" xmlns:task="http://www.springframework.org/schema/task" xmlns:tx="http://www.springframework.org/schema/tx" xmlns:util="http://www.springframework.org/schema/util"
	xsi:schemaLocation="http://www.springframework.org/schema/beans http://www.springframework.org/schema/beans/spring-beans.xsd
		http://www.springframework.org/schema/aop http://www.springframework.org/schema/aop/spring-aop.xsd
		http://www.springframework.org/schema/cache http://www.springframework.org/schema/cache/spring-cache.xsd
		http://www.springframework.org/schema/context http://www.springframework.org/schema/context/spring-context.xsd
		http://www.springframework.org/schema/jdbc http://www.springframework.org/schema/jdbc/spring-jdbc.xsd
		http://www.springframework.org/schema/jee http://www.springframework.org/schema/jee/spring-jee.xsd
		http://www.springframework.org/schema/lang http://www.springframework.org/schema/lang/spring-lang.xsd
		http://www.springframework.org/schema/mvc http://www.springframework.org/schema/mvc/spring-mvc.xsd
		http://www.springframework.org/schema/task http://www.springframework.org/schema/task/spring-task.xsd
		http://www.springframework.org/schema/tx http://www.springframework.org/schema/tx/spring-tx.xsd
		http://www.springframework.org/schema/util http://www.springframework.org/schema/util/spring-util.xsd">

	<!-- JNDI方式配置数据源 -->
	<!-- <bean id="dataSource" class="org.springframework.jndi.JndiObjectFactoryBean"> <property name="jndiName" value="${jndiName}"></property> </bean> -->
	<!-- 配置数据源 -->
	<bean id="dataSource" class="com.alibaba.druid.pool.DruidDataSource" init-method="init" destroy-method="close">
		<property name="url" value="${jdbc_url}" />
		<property name="username" value="${jdbc_username}" />
		<property name="password" value="${jdbc_password}" />
		<!-- 初始化连接大小 -->
		<property name="initialSize" value="0" />
		<!-- 连接池最大使用连接数量 -->
		<property name="maxActive" value="20" />
		<!-- 连接池最小空闲 -->
		<property name="minIdle" value="0" />
		<!-- 获取连接最大等待时间 -->
		<property name="maxWait" value="60000" />
		<!-- 
		<property name="poolPreparedStatements" value="true" />
		<property name="maxPoolPreparedStatementPerConnectionSize" value="33" /> 
		-->
		<property name="validationQuery" value="${validationQuery}" />
		<property name="testOnBorrow" value="false" />
		<property name="testOnReturn" value="false" />
		<property name="testWhileIdle" value="true" />
		<!-- 配置间隔多久才进行一次检测，检测需要关闭的空闲连接，单位是毫秒 -->
		<property name="timeBetweenEvictionRunsMillis" value="60000" />
		<!-- 配置一个连接在池中最小生存的时间，单位是毫秒 -->
		<property name="minEvictableIdleTimeMillis" value="25200000" />
		<!-- 打开removeAbandoned功能 -->
		<property name="removeAbandoned" value="true" />
		<!-- 1800秒，也就是30分钟 -->
		<property name="removeAbandonedTimeout" value="1800" />
		<!-- 关闭abanded连接时输出错误日志 -->
		<property name="logAbandoned" value="true" />

		<!-- 监控数据库 -->
		<!-- <property name="filters" value="mergeStat" /> -->
		<property name="filters" value="stat" />
	</bean>
	<!-- jdbcTemplate -->
	<bean id="jdbcTemplate"
		class="org.springframework.jdbc.core.JdbcTemplate">
		<property name="dataSource" ref="dataSource" />
	</bean>
	<!-- 配置hibernate session工厂 -->
	<bean id="sessionFactory" class="org.springframework.orm.hibernate4.LocalSessionFactoryBean">
		<property name="dataSource" ref="dataSource" />
		<property name="hibernateProperties">
			<props>
				<!--
				<prop key="hibernate.hbm2ddl.auto">${hibernate.hbm2ddl.auto}</prop>
				  -->
				<prop key="hibernate.dialect">${hibernate.dialect}</prop>
				<prop key="hibernate.show_sql">${hibernate.show_sql}</prop>
				<prop key="hibernate.format_sql">${hibernate.format_sql}</prop>
				<prop key="hibernate.use_sql_comments">${hibernate.use_sql_comments}</prop>
			</props>
		</property>
		<!-- .hbm.xml方式映射Pojo 
		<property name="mappingLocations">
			<list>
				<value>classpath:/com/surpass/business/models_xml/*.hbm.xml</value>
			</list>
		</property>
		-->
		<!-- 自动扫描注解方式配置的hibernate类文件 -->
		<property name="packagesToScan">
			<list>
				<value>com.bdxc.mobile.model</value>
			</list>
		</property>
		 <!-- 
		<property name="mappingLocations">
			<list>
				<value>classpath:/*.hbm.xml</value>
			</list>
		</property>
		-->
		<!-- 自动扫描hbm方式配置的hibernate文件和.hbm文件 -->
		<!-- <property name="mappingDirectoryLocations"> <list> <value>classpath:sy/hbm</value> </list> </property> -->
	</bean>

	<!-- 配置事务管理器 -->
	<bean id="transactionManager" class="org.springframework.orm.hibernate4.HibernateTransactionManager">
		<property name="sessionFactory" ref="sessionFactory"></property>
	</bean>
	
	<!-- 定义hibernateTemplate 
	<bean id="hibernateTemplate" class="org.springframework.orm.hibernate3.HibernateTemplate"
	p:sessionFactory-ref="sessionFactory"/>-->
	<!-- 注解方式配置事物 -->
	<tx:annotation-driven transaction-manager="transactionManager" /> 

	<!-- 拦截器方式配置事物 -->
	<tx:advice id="transactionAdvice" transaction-manager="transactionManager">
		<tx:attributes>
			<tx:method name="save*" propagation="REQUIRED" />
			<tx:method name="update*" propagation="REQUIRED" />
			<tx:method name="saveOrUpdate*" propagation="REQUIRED" />
			<tx:method name="del*" propagation="REQUIRED" />
			<tx:method name="grant*" propagation="REQUIRED" />
			<tx:method name="edit*" propagation="REQUIRED" />
			<tx:method name="add*" propagation="REQUIRED" />
			<tx:method name="insert*" propagation="REQUIRED" />
			<!-- 后续添加的 zxs -->
			<tx:method name="find*" propagation="REQUIRED" />
			<tx:method name="query*" propagation="REQUIRED" /> 
			<tx:method name="webLogin*" propagation="REQUIRED" /> 
			<tx:method name="remove*" propagation="REQUIRED" /> 
			<tx:method name="reg*" propagation="REQUIRED" /> 
			<tx:method name="downfile*" propagation="REQUIRED" /> 
			<tx:method name="back*" propagation="REQUIRED" /> 
			<!--hibernate4必须配置为开启事务 否则 getCurrentSession()获取不到-->
            <tx:method name="get*" propagation="REQUIRED" read-only="true" />
			<tx:method name="count*" propagation="REQUIRED" read-only="true" />
            <tx:method name="find*" propagation="REQUIRED" read-only="true" />
            <tx:method name="list*" propagation="REQUIRED" read-only="true" />
            <tx:method name="*" read-only="true" />
			<tx:method name="init*" propagation="REQUIRED" />
		</tx:attributes>
	</tx:advice>
	<aop:config>
		<!-- 第一个*代表所有的返回值类型；第二个*代表所有的类；第三个*代表类所有方法；..代表子或者孙子包；最后一个..代表所有的参数 -->
		<aop:pointcut id="transactionPointcut" expression="execution(* com.bdxc.mobile..service.*.*(..))" />
		<aop:advisor pointcut-ref="transactionPointcut" advice-ref="transactionAdvice" />
	</aop:config>

</beans>
